--board_tb

INSERT INTO board_tb
(user_id, title, content, field, position, salary, opening_date, closing_date, created_at)
VALUES (1, '제목', '2024년 신입 노예 채용', '백앤드 프론트', '신입', '최저시급', '2024-02-26', '2024-03-08', now());

INSERT INTO board_tb
(user_id, title, content, field, position, salary, opening_date, closing_date, created_at)
VALUES (2, '제목', '2024년 신입 노예 채용', '백앤드 프론트', '신입', '최저시급', '2024-02-26', '2024-03-08', now());

INSERT INTO board_tb
(user_id, title, content, field, position, salary, opening_date, closing_date, created_at)
VALUES (3, '제목', '2024년 신입 노예 채용', '백앤드 프론트', '신입', '최저시급', '2024-02-26', '2024-03-08', now());

INSERT INTO board_tb
(user_id, title, content, field, position, salary, opening_date, closing_date, created_at)
VALUES (4, '제목', '2024년 신입 노예 채용', '백앤드 프론트', '신입', '최저시급', '2024-02-26', '2024-03-08', now());

INSERT INTO board_tb
(user_id, title, content, field, position, salary, opening_date, closing_date, created_at)
VALUES (5, '제목', '2024년 신입 노예 채용', '백앤드 프론트', '신입', '최저시급', '2024-02-26', '2024-03-08', now());

INSERT INTO board_tb
(user_id, title, content, field, position, salary, opening_date, closing_date, created_at)
VALUES (1, '제목', '2024년 신입 노예 채용', '백앤드 프론트', '신입', '최저시급', '2024-02-26', '2024-03-08', now());

INSERT INTO board_tb
(user_id, title, content, field, position, salary, opening_date, closing_date, created_at)
VALUES (2, '제목', '2024년 신입 노예 채용', '백앤드 프론트', '신입', '최저시급', '2024-02-26', '2024-03-08', now());

INSERT INTO board_tb
(user_id, title, content, field, position, salary, opening_date, closing_date, created_at)
VALUES (3, '제목', '2024년 신입 노예 채용', '백앤드 프론트', '신입', '최저시급', '2024-02-26', '2024-03-08', now());

INSERT INTO board_tb
(user_id, title, content, field, position, salary, opening_date, closing_date, created_at)
VALUES (4, '제목', '2024년 신입 노예 채용', '백앤드 프론트', '신입', '최저시급', '2024-02-26', '2024-03-08', now());

INSERT INTO board_tb
(user_id, title, content, field, position, salary, opening_date, closing_date, created_at)
VALUES (5, '제목', '2024년 신입 노예 채용', '백앤드 프론트', '신입', '최저시급', '2024-02-26', '2024-03-08', now());

INSERT INTO board_tb
(user_id, title, content, field, position, salary, opening_date, closing_date, created_at)
VALUES (1, '제목', '2024년 신입 노예 채용', '백앤드 프론트', '신입', '최저시급', '2024-02-26', '2024-03-08', now());

INSERT INTO board_tb
(user_id, title, content, field, position, salary, opening_date, closing_date, created_at)
VALUES (2, '제목', '2024년 신입 노예 채용', '백앤드 프론트', '신입', '최저시급', '2024-02-26', '2024-03-08', now());

INSERT INTO board_tb
(user_id, title, content, field, position, salary, opening_date, closing_date, created_at)
VALUES (3, '제목', '2024년 신입 노예 채용', '백앤드 프론트', '신입', '최저시급', '2024-02-26', '2024-03-08', now());

INSERT INTO board_tb
(user_id, title, content, field, position, salary, opening_date, closing_date, created_at)
VALUES (4, '제목', '2024년 신입 노예 채용', '백앤드 프론트', '신입', '최저시급', '2024-02-26', '2024-03-08', now());

INSERT INTO board_tb
(user_id, title, content, field, position, salary, opening_date, closing_date, created_at)
VALUES (5, '제목', '2024년 신입 노예 채용', '백앤드 프론트', '신입', '최저시급', '2024-02-26', '2024-03-08', now());

INSERT INTO board_tb
(user_id, title, content, field, position, salary, opening_date, closing_date, created_at)
VALUES (1, '제목', '2024년 신입 노예 채용', '백앤드 프론트', '신입', '최저시급', '2024-02-26', '2024-03-08', now());

INSERT INTO board_tb
(user_id, title, content, field, position, salary, opening_date, closing_date, created_at)
VALUES (2, '제목', '2024년 신입 노예 채용', '백앤드 프론트', '신입', '최저시급', '2024-02-26', '2024-03-08', now());

INSERT INTO board_tb
(user_id, title, content, field, position, salary, opening_date, closing_date, created_at)
VALUES (3, '제목', '2024년 신입 노예 채용', '백앤드 프론트', '신입', '최저시급', '2024-02-26', '2024-03-08', now());

INSERT INTO board_tb
(user_id, title, content, field, position, salary, opening_date, closing_date, created_at)
VALUES (4, '제목', '2024년 신입 노예 채용', '백앤드 프론트', '신입', '최저시급', '2024-02-26', '2024-03-08', now());

INSERT INTO board_tb
(user_id, title, content, field, position, salary, opening_date, closing_date, created_at)
VALUES (5, '제목', '2024년 신입 노예 채용', '백앤드 프론트', '신입', '최저시급', '2024-02-26', '2024-03-08', now());


-- resume_tb

INSERT INTO resume_tb
(user_id, title, content, school_name, major, education_level, career, created_at)
VALUES (1, '성실하고 유능한 인재입니다.', '이력서내용', '학교명', '전공', '학력', '백앤드 1년', now());

INSERT INTO resume_tb
(user_id, title, content, school_name, major, education_level, career, created_at)
VALUES (2, '성실하고 유능한 인재입니다.', '이력서내용', '학교명', '전공', '학력', '백앤드 1년', now());

INSERT INTO resume_tb
(user_id, title, content, school_name, major, education_level, career, created_at)
VALUES (3, '성실하고 유능한 인재입니다.', '이력서내용', '학교명', '전공', '학력', '백앤드 1년', now());

INSERT INTO resume_tb
(user_id, title, content, school_name, major, education_level, career, created_at)
VALUES (4, '성실하고 유능한 인재입니다.', '이력서내용', '학교명', '전공', '학력', '백앤드 1년', now());

INSERT INTO resume_tb
(user_id, title, content, school_name, major, education_level, career, created_at)
VALUES (5, '성실하고 유능한 인재입니다.', '이력서내용', '학교명', '전공', '학력', '백앤드 1년', now());

INSERT INTO resume_tb
(user_id, title, content, school_name, major, education_level, career, created_at)
VALUES (6, '성실하고 유능한 인재입니다.', '이력서내용', '학교명', '전공', '학력', '백앤드 1년', now());

INSERT INTO resume_tb
(user_id, title, content, school_name, major, education_level, career, created_at)
VALUES (7, '성실하고 유능한 인재입니다.', '이력서내용', '학교명', '전공', '학력', '백앤드 1년', now());

INSERT INTO resume_tb
(user_id, title, content, school_name, major, education_level, career, created_at)
VALUES (8, '성실하고 유능한 인재입니다.', '이력서내용', '학교명', '전공', '학력', '백앤드 1년', now());

INSERT INTO resume_tb
(user_id, title, content, school_name, major, education_level, career, created_at)
VALUES (9, '성실하고 유능한 인재입니다.', '이력서내용', '학교명', '전공', '학력', '백앤드 1년', now());

INSERT INTO resume_tb
(user_id, title, content, school_name, major, education_level, career, created_at)
VALUES (10, '성실하고 유능한 인재입니다.', '이력서내용', '학교명', '전공', '학력', '백앤드 1년', now());

INSERT INTO resume_tb
(user_id, title, content, school_name, major, education_level, career, created_at)
VALUES (11, '성실하고 유능한 인재입니다.', '이력서내용', '학교명', '전공', '학력', '백앤드 1년', now());

INSERT INTO resume_tb
(user_id, title, content, school_name, major, education_level, career, created_at)
VALUES (12, '성실하고 유능한 인재입니다.', '이력서내용', '학교명', '전공', '학력', '백앤드 1년', now());

INSERT INTO resume_tb
(user_id, title, content, school_name, major, education_level, career, created_at)
VALUES (13, '성실하고 유능한 인재입니다.', '이력서내용', '학교명', '전공', '학력', '백앤드 1년', now());

INSERT INTO resume_tb
(user_id, title, content, school_name, major, education_level, career, created_at)
VALUES (14, '성실하고 유능한 인재입니다.', '이력서내용', '학교명', '전공', '학력', '백앤드 1년', now());

INSERT INTO resume_tb
(user_id, title, content, school_name, major, education_level, career, created_at)
VALUES (15, '성실하고 유능한 인재입니다.', '이력서내용', '학교명', '전공', '학력', '백앤드 1년', now());

INSERT INTO resume_tb
(user_id, title, content, school_name, major, education_level, career, created_at)
VALUES (16, '성실하고 유능한 인재입니다.', '이력서내용', '학교명', '전공', '학력', '백앤드 1년', now());

INSERT INTO resume_tb
(user_id, title, content, school_name, major, education_level, career, created_at)
VALUES (17, '성실하고 유능한 인재입니다.', '이력서내용', '학교명', '전공', '학력', '백앤드 1년', now());

INSERT INTO resume_tb
(user_id, title, content, school_name, major, education_level, career, created_at)
VALUES (18, '성실하고 유능한 인재입니다.', '이력서내용', '학교명', '전공', '학력', '백앤드 1년', now());

INSERT INTO resume_tb
(user_id, title, content, school_name, major, education_level, career, created_at)
VALUES (19, '성실하고 유능한 인재입니다.', '이력서내용', '학교명', '전공', '학력', '백앤드 1년', now());

INSERT INTO resume_tb
(user_id, title, content, school_name, major, education_level, career, created_at)
VALUES (20, '성실하고 유능한 인재입니다.', '이력서내용', '학교명', '전공', '학력', '백앤드 1년', now());


-- user_tb
INSERT INTO user_tb
(username, password, name, birthdate, gender, phone_number, address, email,
 is_employer, employer_id_number, business_name, created_at)
VALUES ('admin1', '1234', '조정현', '1996-04-01', 'M', 01000000000, '주소', '이메일',
        true, 0000000000, '네이버', now());
INSERT INTO user_tb
(username, password, name, birthdate, gender, phone_number, address, email,
 is_employer, employer_id_number, business_name, created_at)
VALUES ('admin2', '1234', '류재성', '1991-10-01', 'M', 01000000000, '주소', '이메일',
        true, 0000000000, '카카오', now());
INSERT INTO user_tb
(username, password, name, birthdate, gender, phone_number, address, email,
 is_employer, employer_id_number, business_name, created_at)
VALUES ('admin3', '1234', '김정수', '1996-08-01', 'M', 01000000000, '주소', '이메일',
        true, 0000000000, '라인', now());
INSERT INTO user_tb
(username, password, name, birthdate, gender, phone_number, address, email,
 is_employer, employer_id_number, business_name, created_at)
VALUES ('admin4', '1234', '김성재', '1998-05-01', 'M', 01000000000, '주소', '이메일',
        true, 0000000000, '쿠팡', now());
INSERT INTO user_tb
(username, password, name, birthdate, gender, phone_number, address, email,
 is_employer, employer_id_number, business_name, created_at)
VALUES ('admin5', '1234', '최윤정', '2000-04-01', 'F', 01000000000, '주소', '이메일',
        true, 0000000000, '배달의민족', now());
INSERT INTO user_tb
(username, password, name, birthdate, gender, phone_number, address, email,
 is_employer, employer_id_number, business_name, created_at)
VALUES ('user1', '1234', '홍길동', '2000-01-01', 'M', 01000000000, '주소', '이메일',
        false, 0000000000, '회사명', now());
INSERT INTO user_tb
(username, password, name, birthdate, gender, phone_number, address, email,
 is_employer, employer_id_number, business_name, created_at)
VALUES ('user2', '1234', '이가탄', '2000-01-01', 'M', 01000000000, '주소', '이메일',
        false, 0000000000, '회사명', now());
INSERT INTO user_tb
(username, password, name, birthdate, gender, phone_number, address, email,
 is_employer, employer_id_number, business_name, created_at)
VALUES ('user3', '1234', '홍금보', '2000-01-01', 'M', 01000000000, '주소', '이메일',
        false, 0000000000, '회사명', now());
INSERT INTO user_tb
(username, password, name, birthdate, gender, phone_number, address, email,
 is_employer, employer_id_number, business_name, created_at)
VALUES ('user4', '1234', '김덕배', '2000-01-01', 'M', 01000000000, '주소', '이메일',
        false, 0000000000, '회사명', now());
INSERT INTO user_tb
(username, password, name, birthdate, gender, phone_number, address, email,
 is_employer, employer_id_number, business_name, created_at)
VALUES ('user5', '1234', '한만춘', '2000-01-01', 'M', 01000000000, '주소', '이메일',
        false, 0000000000, '회사명', now());
INSERT INTO user_tb
(username, password, name, birthdate, gender, phone_number, address, email,
 is_employer, employer_id_number, business_name, created_at)
VALUES ('user6', '1234', '전두광', '1931-01-18', 'M', 01000000000, '주소', '이메일',
        false, 0000000000, '회사명', now());

